"DESCRIPTION","DURATION IN MS","NAME","PARENT SUITE","START TIME","STATUS","STOP TIME","SUB SUITE","SUITE","TEST CLASS","TEST METHOD"
"","189","test_get_users","tests","Wed May 21 02:58:21 EDT 2025","passed","Wed May 21 02:58:21 EDT 2025","","test_user_api","",""
"","234","test_update_user","tests","Wed May 21 02:58:21 EDT 2025","passed","Wed May 21 02:58:21 EDT 2025","","test_user_api","",""
"","0","test_add_positive","tests","Wed May 21 02:58:21 EDT 2025","passed","Wed May 21 02:58:21 EDT 2025","","test_math_ops","",""
"","107","test_single_user","tests","Wed May 21 02:58:21 EDT 2025","passed","Wed May 21 02:58:21 EDT 2025","","test_user_api","",""
"","0","test_add_negative","tests","Wed May 21 02:58:21 EDT 2025","passed","Wed May 21 02:58:21 EDT 2025","","test_math_ops","",""
"","242","test_create_user","tests","Wed May 21 02:58:21 EDT 2025","passed","Wed May 21 02:58:21 EDT 2025","","test_user_api","",""
"","0","test_add_zero","tests","Wed May 21 02:58:21 EDT 2025","passed","Wed May 21 02:58:21 EDT 2025","","test_math_ops","",""
"","265","test_login","tests","Wed May 21 02:58:22 EDT 2025","passed","Wed May 21 02:58:22 EDT 2025","","test_user_api","",""
"","244","test_delete_user","tests","Wed May 21 02:58:21 EDT 2025","passed","Wed May 21 02:58:22 EDT 2025","","test_user_api","",""
